"influencer_id","platform","post_id","post_type","post_caption","post_datetime","post_url","likes_count","comments_count","shares_count","views_count","engagement_rate","followers_count","audience_gender_male_pct","audience_gender_female_pct","audience_age_13_17_pct","audience_age_18_24_pct","audience_age_25_34_pct","audience_age_35_44_pct","audience_age_45_54_pct","audience_age_55_64_pct","audience_age_65_plus_pct","audience_top_country","audience_top_city","sponsored","brand_mentioned","hashtags","language"
"influencer_001","Instagram","IG_10001_ABC","image","Sunset vibes in Santorini. #travel #wanderlust","2024-06-02T18:23:00Z","https://instagram.com/p/10001ABC","4120","221","37","","0.043","95000","44","56","3","32","41","13","7","3","1","GR","Athens","false","","travel,wanderlust,sunset,greekislands,explore","en"
"influencer_002","TikTok","TT_20002_DEF","video","Trying out the new viral dance challenge! #dance #challenge","2024-06-03T15:01:00Z","https://www.tiktok.com/@influencer_002/video/20002DEF","11450","1184","130","186000","0.162","70500","32","68","17","48","24","7","3","1","0","PH","Manila","false","","dance,challenge,trending,tiktok,viral","en"
"influencer_003","YouTube","YT_30003_GHI","video","Unboxing the latest gaming headset from SoundBlaze.","2024-06-04T13:15:00Z","https://youtube.com/watch?v=30003GHI","9480","682","546","238400","0.032","295000","81","19","4","36","44","9","5","1","1","US","Los Angeles","true","SoundBlaze","gaming,tech,unboxing,headset,review","en"
"influencer_004","Facebook","FB_40004_JKL","live","Join me live for family health tips.","2024-06-01T19:00:00Z","https://facebook.com/live/40004JKL","330","42","18","3400","0.026","12500","38","62","0","9","24","28","23","9","7","GB","Manchester","false","","health,family,advice,wellness","en"
"influencer_005","Twitter","TW_50005_MNO","text","Tech tip of the day: Always update your apps!","2024-06-05T21:45:00Z","https://twitter.com/influencer_005/status/50005MNO","59","8","16","","0.047","1800","66","34","2","14","39","28","13","4","0","PL","Warsaw","false","","tech,update,apps,security","pl"
"influencer_006","Instagram","IG_10006_PQR","reel","Quick healthy breakfast ideas! #fitness #nutrition","2024-06-02T07:50:00Z","https://instagram.com/reel/10006PQR","8060","399","63","115000","0.099","82000","31","69","6","39","41","8","4","2","0","DE","Berlin","true","NutriLife","fitness,nutrition,breakfast,health,wellness","de"
"influencer_007","Other","OT_70007_STU","other","Weekly eco tip: Reduce plastic in your kitchen.","2024-05-31T10:16:00Z","","47","3","5","","0.027","1750","37","63","0","9","19","38","22","9","3","NO","Oslo","false","","eco,plastic,tip,sustainability","no"
"influencer_008","Instagram","IG_10008_VWX","story","","2024-06-03T10:30:00Z","https://instagram.com/stories/10008VWX","0","0","0","32000","0","115000","40","60","2","41","45","7","3","2","0","US","Chicago","false","","story,travel,adventure,explore","en"
"influencer_009","TikTok","TT_20009_YZA","reel","Meme challenge: Try not to laugh! #funny","2024-06-04T21:10:00Z","https://tiktok.com/@influencer_009/reel/20009YZA","18200","1599","212","355000","0.086","215000","36","64","13","52","28","5","2","0","0","PH","Quezon City","true","LaughCo","funny,meme,challenge,viral,laugh","en"
"influencer_010","Facebook","FB_40010_BCD","story","","2024-06-05T16:08:00Z","https://facebook.com/story/40010BCD","14","2","1","1200","0.001","1400","41","59","1","6","18","23","27","15","9","ES","Valencia","false","","story,health,family,advice","es"
"influencer_011","Instagram","IG_10011_EFG","reel","My vegan lunch recipe. #vegan #plantbased","2024-06-01T12:30:00Z","https://instagram.com/reel/10011EFG","5930","280","51","91000","0.075","80000","27","73","3","37","44","10","4","2","0","FR","Paris","true","GreenBite","vegan,plantbased,recipe,healthyfood","fr"
"influencer_012","YouTube","YT_30012_HIJ","live","Live Q&A: Smart home tech for beginners.","2024-06-02T20:00:00Z","https://youtube.com/live/30012HIJ","3290","215","103","48500","0.015","410000","86","14","2","28","49","15","4","2","0","US","San Francisco","true","HomeSmart","smarthome,tech,live,QandA,homeautomation","en"
"influencer_013","Twitter","TW_50013_KLM","live","Join me for a live chat about nonprofit tech tools!","2024-06-03T18:22:00Z","https://twitter.com/influencer_013/status/50013KLM","35","6","3","800","0.022","2000","53","47","0","8","19","27","33","10","3","KE","Nairobi","false","","live,tech,nonprofit,chat","sw"
"influencer_014","Instagram","IG_10014_NOP","image","Morning yoga at home. #wellness #yoga","2024-06-04T07:35:00Z","https://instagram.com/p/10014NOP","3150","129","22","","0.041","77000","28","72","2","34","41","16","5","2","0","GB","London","false","","wellness,yoga,morning,healthy","en"
"influencer_015","TikTok","TT_20015_QRS","story","","2024-06-02T20:41:00Z","https://tiktok.com/@influencer_015/story/20015QRS","0","0","0","21000","0","29000","40","60","10","54","28","6","2","0","0","US","Miami","false","","story,challenge,fun,summer","en"
"influencer_016","YouTube","YT_30016_TUV","video","Review: DroneX Pro - best budget drone for beginners.","2024-06-03T12:00:00Z","https://youtube.com/watch?v=30016TUV","5830","436","129","94000","0.021","310000","91","9","2","21","47","19","8","2","1","US","Houston","true","DroneX","drone,review,tech,budget,beginner","en"
"influencer_017","Instagram","IG_10017_WXY","video","Exploring Berlin's art scene. #art #berlin","2024-06-05T14:08:00Z","https://instagram.com/p/10017WXY","2890","105","19","21000","0.052","59000","43","57","2","29","38","20","8","2","1","DE","Berlin","false","","art,berlin,explore,travel","de"
"influencer_018","Facebook","FB_40018_ZAB","live","Discussing family wellness and summer plans.","2024-06-02T17:10:00Z","https://facebook.com/live/40018ZAB","410","35","22","2800","0.031","14500","40","60","1","7","19","28","31","9","5","PT","Porto","false","","wellness,summer,health,family","pt"
"influencer_019","Twitter","TW_50019_CDE","text","Nonprofit spotlight: EcoYouth Kenya!","2024-06-01T11:44:00Z","https://twitter.com/influencer_019/status/50019CDE","18","2","6","","0.009","1200","49","51","0","7","22","33","28","7","3","KE","Mombasa","false","","nonprofit,ecoyouth,kenya,spotlight","sw"
"influencer_020","Other","OT_70020_EFG","other","Introducing our new community garden initiative.","2024-06-05T08:00:00Z","","23","2","6","","0.02","1150","48","52","0","4","18","21","32","16","9","NO","Bergen","false","","community,garden,initiative,local","no"
"influencer_021","Instagram","IG_10021_GHI","image","Coffee break in Paris. #coffee #parislife","2024-06-01T10:15:00Z","https://instagram.com/p/10021GHI","2600","77","14","","0.037","67000","40","60","1","25","52","16","5","1","0","FR","Paris","false","","coffee,parislife,break,cafe","fr"
"influencer_022","TikTok","TT_20022_IJK","video","Quick makeup tutorial with GlamUp.","2024-06-03T09:41:00Z","https://tiktok.com/@influencer_022/video/20022IJK","9650","1221","104","152000","0.114","96000","19","81","11","53","29","6","1","0","0","PH","Cebu City","true","GlamUp","makeup,tutorial,glamup,beauty,trend","en"
"influencer_023","YouTube","YT_30023_KLM","video","Tokyo street food tour! Discovering hidden gems.","2024-05-31T14:55:00Z","https://youtube.com/watch?v=30023KLM","15300","1503","347","304000","0.046","385000","55","45","8","39","41","7","3","1","1","JP","Tokyo","false","","tokyo,streetfood,foodtour,japan,hidden","ja"
"influencer_024","Instagram","IG_10024_MNO","video","Exploring new fitness gear by FitPro.","2024-06-05T09:00:00Z","https://instagram.com/p/10024MNO","7320","389","67","65000","0.132","60000","39","61","2","33","45","15","4","1","0","DE","Munich","true","FitPro","fitness,gear,fitpro,explore,workout","de"
"influencer_025","Facebook","FB_40025_OPQ","story","","2024-06-03T22:20:00Z","https://facebook.com/story/40025OPQ","28","3","2","1500","0.002","2100","43","57","0","6","13","23","34","16","8","PT","Lisbon","false","","story,family,advice,health","pt"
"influencer_026","TikTok","TT_20026_RST","reel","Challenge: Can you beat this puzzle?","2024-06-04T17:40:00Z","https://tiktok.com/@influencer_026/reel/20026RST","10700","1203","137","183000","0.074","162000","30","70","9","57","28","4","2","0","0","PH","Davao City","true","PuzzleBox","challenge,puzzle,fun,viral,trend","en"
"influencer_027","YouTube","YT_30027_STU","video","Top 10 mobile games for 2024.","2024-06-03T16:11:00Z","https://youtube.com/watch?v=30027STU","10200","965","314","238500","0.029","375000","88","12","9","45","34","7","3","1","1","RU","Moscow","false","","games,mobile,2024,top10,review","ru"
"influencer_028","Instagram","IG_10028_VWX","story","","2024-06-02T12:10:00Z","https://instagram.com/stories/10028VWX","0","0","0","26000","0","71000","39","61","3","42","46","7","2","0","0","US","New York","false","","story,citylife,explore,travel","en"
"influencer_029","Twitter","TW_50029_YZA","text","Quick tip: Use strong passwords for online safety.","2024-06-04T13:30:00Z","https://twitter.com/influencer_029/status/50029YZA","22","2","4","","0.012","1200","55","45","0","10","33","28","20","6","3","US","Atlanta","false","","tip,password,safety,security","en"
"influencer_030","Other","OT_70030_BCD","other","Local event: Join us for a cleanup day!","2024-06-05T15:30:00Z","","31","4","9","","0.028","1100","52","48","0","5","17","28","34","12","4","NO","Stavanger","false","","event,cleanup,local,community","no"
"influencer_031","Instagram","IG_10031_EFG","image","Exploring Zurich. #travel #switzerland","2024-06-01T11:30:00Z","https://instagram.com/p/10031EFG","4200","188","35","","0.041","102000","45","55","4","29","48","13","4","2","0","CH","Zurich","false","","travel,switzerland,explore,city","de"
"influencer_032","TikTok","TT_20032_GHI","video","New dance routine with BeatFlow!","2024-06-03T22:18:00Z","https://tiktok.com/@influencer_032/video/20032GHI","11800","1350","125","190000","0.079","165000","40","60","13","52","28","5","2","0","0","US","San Diego","true","BeatFlow","dance,beatflow,trending,routine,challenge","en"
"influencer_033","YouTube","YT_30033_IJK","live","Live gameplay: Top FPS games!","2024-06-04T22:40:00Z","https://youtube.com/live/30033IJK","7620","824","245","99000","0.017","540000","95","5","6","34","46","8","4","1","1","RU","Saint Petersburg","false","","live,gaming,FPS,topgames,gameplay","ru"
"influencer_034","Instagram","IG_10034_KLM","image","Summer vibes at the beach. #beachlife #summer","2024-06-02T16:15:00Z","https://instagram.com/p/10034KLM","5880","225","38","","0.055","108000","42","58","2","37","45","13","2","1","0","US","San Diego","true","BeachBreeze","beachlife,summer,vibes,travel","en"
"influencer_035","TikTok","TT_20035_MNO","story","","2024-06-05T09:45:00Z","https://tiktok.com/@influencer_035/story/20035MNO","0","0","0","18500","0","39000","42","58","7","48","31","10","3","1","0","PH","Manila","false","","story,fun,challenge,trend","en"
"influencer_036","YouTube","YT_30036_OPQ","video","How to edit videos like a pro.","2024-06-04T11:13:00Z","https://youtube.com/watch?v=30036OPQ","5200","391","111","79000","0.017","310000","79","21","3","29","49","13","4","1","1","JP","Tokyo","false","","video,editing,pro,tutorial,tech","ja"
"influencer_037","Instagram","IG_10037_RST","image","Fresh market finds. #organic","2024-06-03T09:50:00Z","https://instagram.com/p/10037RST","2150","61","16","","0.029","54000","35","65","1","19","55","18","6","1","0","CH","Geneva","false","","organic,market,fresh,food","fr"
"influencer_038","TikTok","TT_20038_STU","video","Trying out trending meme sounds.","2024-06-01T11:24:00Z","https://tiktok.com/@influencer_038/video/20038STU","7200","950","80","131000","0.061","130000","37","63","8","54","33","4","1","0","0","PH","Cebu City","false","","meme,trending,sound,viral","en"
"influencer_039","YouTube","YT_30039_VWX","video","How to set up a home WiFi mesh network.","2024-06-02T19:00:00Z","https://youtube.com/watch?v=30039VWX","4890","324","99","78000","0.012","400000","85","15","1","22","54","15","5","2","1","US","Seattle","true","NetMesh","wifi,mesh,network,home,tech","en"
"influencer_040","Instagram","IG_10040_YZA","video","Recipe: Summer smoothie bowl.","2024-06-01T09:20:00Z","https://instagram.com/p/10040YZA","3690","183","29","17000","0.059","62000","33","67","3","28","46","17","5","1","0","GB","Liverpool","false","","recipe,smoothie,summer,healthyfood","en"
"influencer_041","TikTok","TT_20041_BCD","video","Stunning transformation with StyleGlow.","2024-06-03T16:41:00Z","https://tiktok.com/@influencer_041/video/20041BCD","12700","1338","112","143000","0.101","140000","25","75","8","57","30","3","2","0","0","PH","Makati","true","StyleGlow","transformation,styleglow,beauty,trend","en"
"influencer_042","YouTube","YT_30042_DEF","video","New review: VR headset from VisionOne.","2024-06-04T14:28:00Z","https://youtube.com/watch?v=30042DEF","6430","529","112","101000","0.02","318000","91","9","3","27","49","14","5","1","1","US","San Jose","true","VisionOne","review,VR,visionone,tech,headset","en"
"influencer_043","Instagram","IG_10043_GHI","image","City lights in Warsaw. #cityscape","2024-06-01T20:10:00Z","https://instagram.com/p/10043GHI","1830","39","11","","0.028","42000","48","52","1","21","49","17","9","3","0","PL","Warsaw","false","","cityscape,warsaw,lights,travel","pl"
"influencer_044","TikTok","TT_20044_IJK","video","Cooking with SunFresh: easy summer recipes.","2024-06-02T09:05:00Z","https://tiktok.com/@influencer_044/video/20044IJK","10250","1197","113","125000","0.082","137000","32","68","6","50","37","5","2","0","0","PH","Makati","true","SunFresh","cooking,sunfresh,summer,recipe","en"
"influencer_045","YouTube","YT_30045_KLM","live","Unboxing live: new gaming console release!","2024-06-05T17:30:00Z","https://youtube.com/live/30045KLM","13200","1702","491","127000","0.018","750000","94","6","7","41","44","5","2","1","0","JP","Osaka","true","GameBox","unboxing,gaming,console,live,release","ja"
"influencer_046","Instagram","IG_10046_MNO","image","Urban cycling in Amsterdam. #bikelife","2024-06-03T17:10:00Z","https://instagram.com/p/10046MNO","3230","117","24","","0.037","87000","47","53","3","29","49","15","3","1","0","NL","Amsterdam","false","","bikelife,cycling,urban,amsterdam","en"
"influencer_047","TikTok","TT_20047_OPQ","reel","Funny pet moments compilation.","2024-06-04T15:00:00Z","https://tiktok.com/@influencer_047/reel/20047OPQ","9200","1002","89","122000","0.071","129000","38","62","7","51","34","6","2","0","0","PH","Caloocan","false","","funny,pet,moments,compilation,trend","en"
"influencer_048","YouTube","YT_30048_RST","video","Review: Best budget smartphones 2024.","2024-06-01T16:55:00Z","https://youtube.com/watch?v=30048RST","6700","622","151","105000","0.021","319000","83","17","4","39","45","7","3","1","1","US","Dallas","true","SmartTech","review,smartphone,budget,tech,2024","en"
"influencer_049","Instagram","IG_10049_STU","image","Fresh blooms in springtime. #flowers","2024-06-05T07:32:00Z","https://instagram.com/p/10049STU","1890","57","13","","0.039","48000","38","62","2","21","52","15","7","3","0","GB","Bristol","false","","flowers,spring,blooms,beauty","en"
"influencer_050","TikTok","TT_20050_VWX","video","Latest dance trend with MovePro!","2024-06-02T18:55:00Z","https://tiktok.com/@influencer_050/video/20050VWX","11200","1047","99","138000","0.083","134000","31","69","6","54","34","4","2","0","0","PH","Pasig","true","MovePro","dance,movepro,trend,viral","en"
"influencer_021","Instagram","IG_20381_KJL","image","Embracing the vibrant colors of spring in Paris. #springvibes","2024-04-21T16:34:00Z","https://instagram.com/p/IG_20381_KJL","2810","180","42","","0.031","90200","38.5","61.5","4","34","43","13","4","1","1","FR","Paris","true","ColorMeParis","springvibes,paris,colors,urbanfashion,travelgram","fr"
"influencer_022","TikTok","TT_11829_MNA","reel","Dance challenge accepted! Can you beat my moves? #dancebattle","2024-05-02T18:45:00Z","https://tiktok.com/@influencer_022/video/11829","26400","2230","285","195000","0.073","379400","32","68","17","49","27","5","1","1","0","PH","Manila","false","","dancechallenge,dancebattle,tiktokmoves,viral,fun","en"
"influencer_023","YouTube","YT_95122_RAK","video","Unboxing the latest gaming headset. Watch till the end for a surprise!","2024-06-04T13:12:00Z","https://youtube.com/watch?v=YT_95122_RAK","9300","876","214","302000","0.009","1053000","74","26","11","41","37","6","3","1","1","US","Los Angeles","true","HyperTech","gaming,unboxing,techreview,headset,hypertech","en"
"influencer_024","Facebook","FB_48762_QWO","live","Going live to discuss family wellness tips. Join the conversation!","2024-03-19T19:00:00Z","https://facebook.com/live/48762QWO","410","28","17","3200","0.035","11700","41","59","1","6","19","21","31","16","6","GB","Manchester","false","","family,wellness,health,fbcommunity","en"
"influencer_025","Instagram","IG_30947_HGF","video","Quick HIIT routine for busy mornings. Tag a friend who needs this!","2024-05-28T07:25:00Z","https://instagram.com/p/IG_30947_HGF","3490","197","63","18800","0.042","84300","24","76","2","27","48","13","7","2","1","NO","Oslo","true","FitBoost","hiit,fitness,morningroutine,workoutpartner,fitboost","no"
"influencer_026","Other","OT_16094_ZXE","other","Community garden project update: Volunteers needed for Saturday!","2024-02-25T14:10:00Z","","83","7","4","","0.072","1300","47","53","1","7","25","36","22","7","2","SE","Gothenburg","false","","community,gardening,volunteer,projectupdate","sv"
"influencer_027","Twitter","TW_50873_YUI","text","Tech conference insights: AI trends for 2024.","2024-06-07T09:23:00Z","https://twitter.com/influencer_027/status/50873","204","16","31","","0.011","23100","58","42","2","23","41","20","11","2","1","US","Austin","false","","AI,trends,techconference,2024,innovation","en"
"influencer_028","Instagram","IG_49281_TYU","story","","2024-06-11T10:09:00Z","https://instagram.com/stories/IG_49281_TYU","0","0","0","12900","0","55100","44","56","6","38","34","14","6","1","1","DE","Berlin","false","","dailyupdate,berlin,story,instastory","de"
"influencer_029","TikTok","TT_28473_WER","video","My top 5 skincare hacks revealed! #glowup","2024-05-14T20:18:00Z","https://tiktok.com/@influencer_029/video/28473","19400","1490","301","156900","0.036","580000","30","70","13","60","21","4","1","1","0","PH","Quezon City","true","GlowSkin","skincare,hacks,glowup,beautytips,glowskin","en"
"influencer_030","Facebook","FB_92018_FDS","story","","2024-05-19T15:40:00Z","https://facebook.com/story/92018FDS","19","2","0","2100","0.004","4700","42","58","2","8","17","25","31","13","2","ZA","Cape Town","false","","family,story,wellness,healthtips","en"
"influencer_031","YouTube","YT_28374_XCV","live","Live Q&A: Ask me anything about drone photography!","2024-06-03T21:11:00Z","https://youtube.com/live/YT_28374_XCV","10200","1332","210","245000","0.003","3921000","89","11","9","39","38","10","3","1","0","JP","Tokyo","false","","dronephotography,liveQA,tech,travel,japan","ja"
"influencer_032","Instagram","IG_84193_OIU","reel","Vegan lunch ideas for a busy week. Save for later!","2024-04-27T12:26:00Z","https://instagram.com/reel/IG_84193_OIU","1290","106","21","11000","0.018","72300","23","77","3","31","42","16","5","2","1","US","Seattle","false","","vegan,lunchideas,plantbased,healthyfood,easyrecipes","en"
"influencer_033","Twitter","TW_65748_VBN","text","Nonprofit spotlight: Clean water for all. Help us spread the word.","2024-02-06T17:15:00Z","https://twitter.com/influencer_033/status/65748","56","4","12","","0.021","1040","46","54","0","8","47","21","18","4","2","PL","Warsaw","false","","nonprofit,cleanwater,impact,twitter","pl"
"influencer_034","TikTok","TT_67654_HJK","story","","2024-06-12T11:20:00Z","https://tiktok.com/story/67654HJK","0","0","0","9300","0","15200","41","59","0","9","18","29","24","13","7","ES","Madrid","false","","story,challenge,community,fun","es"
"influencer_035","Instagram","IG_69024_KLM","image","Sunrise run along the Thames. #morningmotivation","2024-05-03T06:30:00Z","https://instagram.com/p/IG_69024_KLM","1820","94","25","","0.021","89600","33","67","2","29","52","11","3","2","1","GB","London","false","","morningmotivation,sunrise,run,thames,active","en"
"influencer_036","Facebook","FB_27180_TRZ","live","Live gardening Q&A this Saturday. Bring your questions!","2024-04-13T11:00:00Z","https://facebook.com/live/27180TRZ","210","13","9","2900","0.025","9200","49","51","1","6","21","22","29","15","5","US","Portland","false","","gardening,liveqa,grow,community","en"
"influencer_037","Instagram","IG_57204_YXC","video","Travel diaries: Exploring the beauty of Bali.","2024-05-16T10:50:00Z","https://instagram.com/p/IG_57204_YXC","3240","212","58","14300","0.038","86600","41","59","3","37","44","12","2","1","1","ID","Denpasar","true","TravelEase","travel,bali,diaries,explore,travelsponsorship","en"
"influencer_038","Other","OT_11092_XTZ","other","Eco living tips: Reduce waste and save energy.","2024-03-10T08:19:00Z","","115","9","3","","0.042","3100","39","61","0","14","26","33","18","6","3","DK","Aarhus","false","","ecoliving,reducewaste,energytips,community","da"
"influencer_039","YouTube","YT_77129_BNM","video","Reviewing the best wireless speakers for summer parties.","2024-05-21T17:45:00Z","https://youtube.com/watch?v=YT_77129_BNM","2210","199","67","42000","0.025","112000","65","35","5","38","41","11","3","1","1","US","Chicago","true","SoundSphere","speakers,review,summerparty,tech,soundsphere","en"
"influencer_040","Twitter","TW_31294_QAZ","text","Mental health matters. Take a break and breathe.","2024-05-27T13:35:00Z","https://twitter.com/influencer_040/status/31294","82","7","15","","0.043","2400","39","61","1","5","47","28","13","4","2","SE","Stockholm","false","","mentalhealth,break,breathe,selfcare","en"
"influencer_041","Instagram","IG_41285_LPO","image","Fresh market finds. Loving local produce!","2024-06-10T09:20:00Z","https://instagram.com/p/IG_41285_LPO","2550","112","39","","0.029","88400","29","71","4","30","45","12","6","2","1","FR","Lyon","false","","market,localproduce,freshfinds,foodie","fr"
"influencer_042","Facebook","FB_54328_XCV","live","Live painting session for art lovers. Watch and interact!","2024-05-05T14:00:00Z","https://facebook.com/live/54328XCV","520","42","27","4200","0.028","21300","37","63","2","10","22","28","25","9","4","IT","Rome","true","ArtSupplyCo","painting,live,artlover,rome,artsupplyco","it"
"influencer_043","TikTok","TT_74521_WER","video","Trying viral snacks from Tokyo. Which is your favorite?","2024-05-30T21:14:00Z","https://tiktok.com/@influencer_043/video/74521","15200","1287","201","102900","0.047","348000","38","62","12","45","32","7","3","1","0","JP","Tokyo","false","","viralsnacks,tokyo,foodchallenge,trend","ja"
"influencer_044","Other","OT_90173_LSI","other","Join our community book drive this month!","2024-03-28T16:00:00Z","","67","6","3","","0.062","1300","45","55","1","9","30","37","18","3","2","FI","Helsinki","false","","bookdrive,community,reading,nonprofit","fi"
"influencer_045","Instagram","IG_37186_QWE","story","","2024-06-05T08:18:00Z","https://instagram.com/stories/IG_37186_QWE","0","0","0","9900","0","48700","40","60","8","43","32","12","3","1","1","DE","Hamburg","false","","instastory,daily,hamburg,travel","de"
"influencer_046","YouTube","YT_32056_FGH","video","Budget travel tips for students. Save and share!","2024-05-09T15:22:00Z","https://youtube.com/watch?v=YT_32056_FGH","1890","157","52","28500","0.021","119000","54","46","7","44","38","7","2","1","1","US","Boston","true","TravelLite","travel,budgettips,students,travellite,save","en"
"influencer_047","Facebook","FB_11984_NVB","story","","2024-04-22T21:55:00Z","https://facebook.com/story/11984NVB","23","1","1","1100","0.003","5600","40","60","2","7","20","25","28","13","5","IE","Dublin","false","","story,wellness,community,fb","en"
"influencer_048","Instagram","IG_98431_GHJ","reel","Thrift shopping haul: best finds in Berlin.","2024-05-24T17:06:00Z","https://instagram.com/reel/IG_98431_GHJ","2340","111","34","8900","0.028","80100","35","65","5","41","37","12","3","1","1","DE","Berlin","true","ThriftFinds","thrift,shopping,haul,berlin,thriftfinds","de"
"influencer_049","Twitter","TW_42173_PLO","text","Tips for nonprofit leaders: Community engagement strategies.","2024-03-03T14:45:00Z","https://twitter.com/influencer_049/status/42173","71","5","12","","0.031","1000","54","46","0","7","42","21","17","9","4","PT","Lisbon","false","","nonprofit,community,engagement,leadership","pt"
"influencer_050","TikTok","TT_30841_BVF","video","Meme challenge: Try not to laugh! #memechallenge","2024-06-13T19:47:00Z","https://tiktok.com/@influencer_050/video/30841","20400","1834","253","140800","0.041","497000","35","65","14","53","28","3","1","1","0","US","Dallas","false","","memechallenge,funny,trynotolaugh,viral","en"
"influencer_051","Instagram","IG_27381_KLQ","image","Nature walk in Oslo. Green spaces for mental health.","2024-05-18T11:24:00Z","https://instagram.com/p/IG_27381_KLQ","1890","99","31","","0.024","78200","30","70","2","28","48","17","3","1","1","NO","Oslo","false","","naturewalk,mentalhealth,oslo,greenspace","no"
"influencer_052","YouTube","YT_40921_DFE","video","DIY home decor ideas for small spaces.","2024-06-06T16:06:00Z","https://youtube.com/watch?v=YT_40921_DFE","1700","119","40","25400","0.015","117000","47","53","4","33","46","13","3","1","0","US","San Diego","true","Decora","diy,homedecor,smallspaces,decora,interiordesign","en"
"influencer_053","Facebook","FB_75123_WRT","live","Live pet adoption event. Find your new best friend!","2024-04-29T16:05:00Z","https://facebook.com/live/75123WRT","391","31","21","3900","0.021","21000","41","59","2","11","25","27","23","8","4","AU","Sydney","false","","petadoption,live,event,adopt,animals","en"
"influencer_054","Instagram","IG_65028_TRE","video","My favorite smoothie recipe for summer mornings.","2024-06-01T09:08:00Z","https://instagram.com/p/IG_65028_TRE","2970","187","56","13200","0.035","84700","27","73","3","31","46","12","5","2","1","US","Miami","false","","smoothie,recipe,summer,healthyfood,breakfast","en"
"influencer_055","Other","OT_82193_KLI","other","Nonprofit workshop: Building better communities.","2024-03-14T09:40:00Z","","101","8","4","","0.067","1700","52","48","0","10","51","19","12","6","2","PL","Krakow","false","","workshop,nonprofit,community,krakow","pl"
"influencer_056","TikTok","TT_38421_WUI","story","","2024-06-14T14:02:00Z","https://tiktok.com/story/38421WUI","0","0","0","10200","0","12800","47","53","1","11","19","23","27","12","7","ZA","Johannesburg","false","","story,challenge,community,za","en"
"influencer_057","Instagram","IG_71249_HJK","reel","Yoga challenge: Try this pose for a stronger core.","2024-05-20T08:05:00Z","https://instagram.com/reel/IG_71249_HJK","2150","122","30","12000","0.027","80100","26","74","3","29","48","14","4","1","1","GB","London","true","YogaMate","yogachallenge,corestrength,london,yogamate","en"
"influencer_058","YouTube","YT_28541_MNB","video","Top 10 movies to watch this summer. Comment your favorite!","2024-06-08T13:00:00Z","https://youtube.com/watch?v=YT_28541_MNB","1200","79","29","21000","0.011","121000","41","59","5","36","44","10","3","1","1","GB","Liverpool","false","","movies,summer,top10,review,liverpool","en"
"influencer_059","Facebook","FB_49513_QAZ","live","Cooking live: Easy recipes for busy families.","2024-04-08T18:00:00Z","https://facebook.com/live/49513QAZ","430","36","24","3900","0.028","18600","39","61","2","9","22","26","27","10","4","US","Houston","false","","cooking,live,recipes,family,houston","en"
"influencer_060","Instagram","IG_86041_POL","image","Street art discoveries in Barcelona.","2024-06-02T18:19:00Z","https://instagram.com/p/IG_86041_POL","1680","78","22","","0.019","78300","31","69","4","29","50","13","3","1","0","ES","Barcelona","false","","streetart,barcelona,discover,urban","es"
"influencer_101","Instagram","IG_45001_XYZ","image","Exploring the vibrant streets of Berlin! #travel #adventure","2024-06-10T13:45:00Z","https://instagram.com/p/IG_45001_XYZ","3120","210","62","","0.042","74500","41","59","5","29","51","10","4","1","0","DE","Berlin","false","","travel,adventure,berlin,explore","de"
"influencer_102","TikTok","TT_78342_GHI","reel","Dance challenge time! Tag a friend who should try this.","2024-06-11T09:23:00Z","https://tiktok.com/@influencer_102/video/78342_GHI","17600","1403","220","295000","0.034","510000","33","67","15","51","22","7","3","2","0","PH","Manila","true","Sprite","dancechallenge,fun,viral,sprite","en"
"influencer_105","YouTube","YT_51200_PQR","video","Unboxing the latest gaming headset. Let’s see if it lives up to the hype!","2024-05-30T16:10:00Z","https://youtube.com/watch?v=YT_51200_PQR","12800","650","330","520000","0.032","400000","77","23","11","45","32","7","3","1","1","US","San Diego","true","HyperX","gaming,unboxing,tech,hyperx","en"
"influencer_111","Facebook","FB_23489_VWX","live","Join me for a Q&A about family health tips!","2024-06-09T18:05:00Z","https://facebook.com/influencer_111/posts/23489_VWX","890","64","38","7400","0.073","12100","39","61","1","8","12","19","31","20","9","ZA","Johannesburg","false","","healthtips,family,live,wellness","en"
"influencer_116","Twitter","TW_38976_RST","text","Proud to support local nonprofits making a real impact in Warsaw.","2024-06-08T14:34:00Z","https://twitter.com/influencer_116/status/38976_RST","113","9","17","","0.086","1610","47","53","2","8","33","29","18","7","3","PL","Warsaw","false","","nonprofit,community,warsaw","pl"
"influencer_121","Other","OT_15267_MNO","other","Our event in Lisbon was a huge success thanks to everyone who joined!","2024-06-05T17:00:00Z","","41","7","4","","0.029","1800","44","56","0","4","21","36","28","7","4","PT","Lisbon","false","","event,lisbon,community","pt"
"influencer_122","Instagram","IG_45002_JKL","reel","Vegan breakfast recipes to start your day right.","2024-06-06T07:32:00Z","https://instagram.com/p/IG_45002_JKL","4150","270","53","90000","0.052","85000","36","64","3","27","54","12","4","0","0","GB","London","true","Oatly","vegan,breakfast,recipe,oatly","en"
"influencer_107","TikTok","TT_78343_UVW","story","","2024-06-04T11:10:00Z","","0","0","1","4200","0","7600","35","65","9","58","18","8","5","2","0","MY","Kuala Lumpur","false","","story,challenge,tiktok","en"
"influencer_114","YouTube","YT_51300_DEF","live","Live speedrun of new indie game release – join the stream!","2024-06-12T18:29:00Z","https://youtube.com/watch?v=YT_51300_DEF","6400","322","88","205000","0.023","293000","81","19","10","42","35","9","3","1","0","JP","Tokyo","false","","speedrun,indiegame,live,stream","ja"
"influencer_108","Instagram","IG_45003_OPQ","video","Quick cardio routine for busy mornings!","2024-06-10T06:55:00Z","https://instagram.com/p/IG_45003_OPQ","2060","133","41","48000","0.028","72800","38","62","6","32","48","10","4","0","0","US","Houston","false","","cardio,fitness,routine,morning","en"
"influencer_109","Facebook","FB_23490_XYZ","story","","2024-06-05T15:17:00Z","","21","1","2","900","0.002","12000","43","57","1","7","13","14","32","21","12","ZA","Cape Town","false","","story,facebook,health","en"
"influencer_125","TikTok","TT_78344_GHI","video","Trying out the new sushi spot in Tokyo. 10/10!","2024-06-13T12:15:00Z","https://tiktok.com/@influencer_125/video/78344_GHI","18800","1650","260","302000","0.037","555000","40","60","11","46","32","7","2","2","0","JP","Tokyo","true","Sushiro","tokyo,sushi,food,review,sushiro","ja"
"influencer_117","Instagram","IG_45004_LMN","story","","2024-06-13T08:40:00Z","","0","0","0","6000","0","68000","44","56","5","33","47","11","3","1","0","GB","Liverpool","false","","story,instagram,lifestyle","en"
"influencer_104","YouTube","YT_51301_XYZ","video","Reviewing the latest electric car: Is it worth the upgrade?","2024-06-01T19:00:00Z","https://youtube.com/watch?v=YT_51301_XYZ","9200","490","149","168000","0.016","585000","81","19","6","37","41","11","3","1","1","US","Los Angeles","false","","electriccar,review,tech,upgrade","en"
"influencer_123","Facebook","FB_23491_DEF","live","Tips for healthy eating habits for busy professionals.","2024-06-12T20:10:00Z","https://facebook.com/influencer_123/posts/23491_DEF","410","29","24","3200","0.059","7800","37","63","1","5","16","23","29","18","8","BR","Curitiba","true","Nestle","healthyeating,nutrition,live,nestle","pt"
"influencer_106","Twitter","TW_38977_MNO","text","Tech trends shifting rapidly in Stockholm – exciting times ahead!","2024-06-03T12:20:00Z","https://twitter.com/influencer_106/status/38977_MNO","93","7","14","","0.055","2030","53","47","2","7","31","32","18","7","3","SE","Stockholm","false","","techtrends,stockholm,innovation","sv"
"influencer_120","Other","OT_15268_DEF","other","Working with local artists in Nairobi to promote creative projects.","2024-06-02T16:45:00Z","","67","11","7","","0.032","2100","42","58","3","11","28","25","20","8","5","KE","Nairobi","false","","art,community,creative,nairobi","sw"
"influencer_113","Instagram","IG_45005_STU","image","Morning hike in Oslo with friends. #nature #oslo #hiking","2024-06-09T07:30:00Z","https://instagram.com/p/IG_45005_STU","2650","192","38","","0.038","61000","40","60","5","31","49","11","3","1","0","NO","Oslo","false","","nature,oslo,hiking,morning","no"
"influencer_118","TikTok","TT_78345_KLM","story","","2024-06-07T08:50:00Z","","0","0","2","5200","0","9400","37","63","8","59","21","7","3","2","0","KR","Seoul","false","","story,challenge,kpop","ko"
"influencer_110","YouTube","YT_51302_LMN","video","How to build a smart home on a budget.","2024-06-13T17:11:00Z","https://youtube.com/watch?v=YT_51302_LMN","11200","620","210","255000","0.027","415000","73","27","7","39","38","11","3","1","1","US","Chicago","true","Philips","smarthome,tech,review,philips","en"
"influencer_112","Instagram","IG_45006_CDE","video","Quick and easy meal prep ideas for busy people.","2024-05-29T12:40:00Z","https://instagram.com/p/IG_45006_CDE","3180","201","47","51000","0.052","62000","34","66","4","27","55","10","3","1","0","FR","Paris","true","Tupperware","mealprep,quickandeasy,food,tupperware","fr"
"influencer_119","Facebook","FB_23492_KLM","live","Join today’s wellness session for tips on mindfulness.","2024-06-10T07:45:00Z","https://facebook.com/influencer_119/posts/23492_KLM","570","38","19","5100","0.064","9600","42","58","0","5","19","22","29","18","7","CA","Montreal","false","","wellness,mindfulness,live,health","en"
"influencer_103","TikTok","TT_78346_XYZ","reel","Trend alert: Try this makeup look with #glowup!","2024-06-11T15:30:00Z","https://tiktok.com/@influencer_103/video/78346_XYZ","14800","1200","180","257000","0.028","530000","28","72","13","49","26","7","3","2","0","US","Miami","true","Maybelline","makeup,trend,glowup,maybelline","en"
"influencer_115","Instagram","IG_45007_KLM","image","Eco-friendly tips for summer living.","2024-06-02T16:09:00Z","https://instagram.com/p/IG_45007_KLM","1820","101","35","","0.029","63000","36","64","3","24","54","13","4","2","0","DK","Copenhagen","false","","ecofriendly,summer,tips,greenliving","da"
"influencer_124","YouTube","YT_51303_DEF","live","Reacting to viral tech memes – join the conversation live!","2024-06-13T22:17:00Z","https://youtube.com/watch?v=YT_51303_DEF","4100","211","59","72000","0.012","340000","84","16","9","39","37","11","3","1","0","RU","Moscow","false","","tech,memes,live,react","ru"
"influencer_126","Instagram","IG_45008_DEF","image","Summer vibes in Barcelona. Sun, sea, and sangria!","2024-06-08T12:55:00Z","https://instagram.com/p/IG_45008_DEF","2170","127","44","","0.037","59000","45","55","4","31","49","12","3","1","0","ES","Barcelona","true","Airbnb","summer,barcelona,sangria,airbnb","es"
"influencer_127","TikTok","TT_78347_OPQ","video","Meme of the day! Who relates?","2024-06-14T10:07:00Z","https://tiktok.com/@influencer_127/video/78347_OPQ","22300","1810","278","340000","0.043","520000","34","66","14","53","24","6","2","1","0","US","Seattle","false","","meme,viral,funny,tiktok","en"
"influencer_128","Facebook","FB_23493_STU","live","Simple steps for managing stress at home.","2024-06-07T17:30:00Z","https://facebook.com/influencer_128/posts/23493_STU","490","39","27","4200","0.061","9200","41","59","0","4","16","24","29","18","9","AU","Melbourne","false","","stress,wellness,live,mentalhealth","en"
"influencer_129","Twitter","TW_38978_GHI","text","Excited for the science festival in Helsinki next weekend!","2024-06-06T11:18:00Z","https://twitter.com/influencer_129/status/38978_GHI","61","5","11","","0.044","1770","49","51","1","8","32","30","18","7","3","FI","Helsinki","false","","science,festival,helsinki","fi"
"influencer_130","Other","OT_15269_XYZ","other","Thank you to everyone who joined our charity walk in Santiago.","2024-06-09T09:40:00Z","","73","12","8","","0.034","2150","40","60","2","9","27","26","22","8","6","CL","Santiago","true","CocaCola","charity,walk,santiago,cocacola","es"
"influencer_131","Instagram","IG_45009_QRS","image","Chilling by the fjord in Bergen. Norwegian summers are the best.","2024-06-11T18:11:00Z","https://instagram.com/p/IG_45009_QRS","2280","118","33","","0.033","70000","42","58","3","30","52","11","2","0","0","NO","Bergen","false","","fjord,bergen,summer,norway","no"
"influencer_132","TikTok","TT_78348_RST","reel","Outfit inspiration for summer festivals.","2024-06-10T19:00:00Z","https://tiktok.com/@influencer_132/video/78348_RST","13600","1050","190","243000","0.028","490000","29","71","14","51","26","7","2","0","0","GB","Manchester","true","ASOS","outfit,summer,festival,asos","en"
"influencer_133","Facebook","FB_23494_QRS","story","","2024-06-05T19:22:00Z","","17","1","2","800","0.002","9500","41","59","0","8","16","22","29","17","8","CA","Calgary","false","","story,canada,health","en"
"influencer_134","YouTube","YT_51304_GHI","video","Top 5 gadgets for remote work in 2024.","2024-06-14T09:45:00Z","https://youtube.com/watch?v=YT_51304_GHI","8100","420","114","129000","0.016","315000","78","22","8","38","40","10","3","1","0","DE","Frankfurt","false","","gadgets,remotework,tech,2024","de"
"influencer_135","Instagram","IG_45010_VWX","video","Street art tour in Amsterdam. Creativity everywhere!","2024-06-13T14:03:00Z","https://instagram.com/p/IG_45010_VWX","2510","141","39","41000","0.035","67000","47","53","3","32","50","12","2","1","0","NL","Amsterdam","false","","streetart,amsterdam,urban,creativity","nl"
"influencer_136","TikTok","TT_78349_JKL","reel","How to style long hair for summer.","2024-06-07T17:50:00Z","https://tiktok.com/@influencer_136/video/78349_JKL","14100","1112","175","238000","0.031","455000","30","70","14","52","26","5","2","1","0","PH","Cebu","false","","hairstyle,summer,trend,longhair","en"
"influencer_137","Facebook","FB_23495_OPQ","live","Easy home workouts for seniors.","2024-06-06T21:00:00Z","https://facebook.com/influencer_137/posts/23495_OPQ","380","25","17","3100","0.049","7700","38","62","0","4","15","21","28","19","13","GB","Sheffield","true","Decathlon","homeworkout,senior,live,decathlon","en"
"influencer_138","Twitter","TW_38979_DEF","text","Polish cuisine is so underrated! Try it if you’re in Krakow.","2024-06-08T17:45:00Z","https://twitter.com/influencer_138/status/38979_DEF","77","6","10","","0.051","1850","46","54","2","9","32","29","17","7","4","PL","Krakow","false","","food,krakow,poland","pl"
"influencer_139","Other","OT_15270_LMN","other","Volunteering at the animal shelter in Porto.","2024-06-07T10:30:00Z","","54","8","6","","0.026","1880","43","57","1","5","24","34","23","8","5","PT","Porto","false","","volunteer,animals,porto","pt"
"influencer_140","Instagram","IG_45011_RST","image","Yoga by the Seine – serene mornings in Paris.","2024-06-06T07:45:00Z","https://instagram.com/p/IG_45011_RST","3120","214","41","","0.044","71000","32","68","3","29","54","12","2","0","0","FR","Paris","false","","yoga,paris,morning,wellness","fr"
"influencer_141","TikTok","TT_78350_VWX","video","Try this new smoothie recipe with me!","2024-06-09T08:32:00Z","https://tiktok.com/@influencer_141/video/78350_VWX","15800","1240","190","280000","0.031","510000","31","69","13","49","27","8","2","1","0","PH","Quezon City","true","Jamba","smoothie,recipe,healthy,jamba","en"
"influencer_142","Facebook","FB_23496_LMN","live","How to make memories last: photo tips for families.","2024-06-14T15:20:00Z","https://facebook.com/influencer_142/posts/23496_LMN","530","44","21","3800","0.063","9500","40","60","0","3","15","23","29","20","10","AU","Sydney","true","Canon","phototips,family,live,canon","en"
"influencer_143","Twitter","TW_38980_STU","text","Looking forward to the music festival in Vienna!","2024-06-13T10:05:00Z","https://twitter.com/influencer_143/status/38980_STU","75","7","12","","0.051","1850","52","48","3","9","31","29","17","7","4","AT","Vienna","false","","music,festival,vienna","de"
"influencer_144","Other","OT_15271_GHI","other","Celebrating local culture in Lagos with music and dance.","2024-06-12T18:15:00Z","","63","10","7","","0.031","2100","46","54","2","8","28","29","21","7","5","NG","Lagos","false","","culture,lagos,music,dance","sw"
"influencer_145","Instagram","IG_45012_GHI","image","Sunset run along the Thames. #fitness #london","2024-06-13T19:30:00Z","https://instagram.com/p/IG_45012_GHI","2510","142","38","","0.036","75000","43","57","5","29","51","11","3","1","0","GB","London","false","","fitness,run,sunset,london","en"
"influencer_146","TikTok","TT_78351_DEF","reel","New music drop! Listen to my latest track.","2024-06-08T13:10:00Z","https://tiktok.com/@influencer_146/video/78351_DEF","15600","1215","185","270000","0.032","490000","28","72","16","52","23","6","2","1","0","US","Dallas","true","Spotify","music,newdrop,track,spotify","en"
"influencer_147","Facebook","FB_23497_DEF","live","Mindful eating: what works for me.","2024-06-14T11:45:00Z","https://facebook.com/influencer_147/posts/23497_DEF","460","36","20","4000","0.056","9500","42","58","0","4","15","22","29","19","11","ZA","Pretoria","false","","mindful,eating,live,health","en"
"influencer_148","Twitter","TW_38981_LMN","text","Swiss mountains never disappoint! #travel","2024-06-10T14:25:00Z","https://twitter.com/influencer_148/status/38981_LMN","80","6","12","","0.048","2000","51","49","2","9","32","30","17","6","4","CH","Zurich","false","","mountain,swiss,travel","de"
"influencer_149","Other","OT_15272_OPQ","other","Community gardening project update from Rotterdam.","2024-06-11T16:17:00Z","","59","9","5","","0.027","1950","42","58","1","6","25","33","22","8","5","NL","Rotterdam","false","","gardening,community,rotterdam","nl"
"influencer_150","Instagram","IG_45013_STU","image","Coffee break in Milan. #cafe #milano","2024-06-12T09:25:00Z","https://instagram.com/p/IG_45013_STU","1940","99","26","","0.031","62000","46","54","3","27","54","12","3","1","0","IT","Milan","false","","coffee,cafe,milano,italy","it"
"influencer_101","Instagram","IG_84010_QTR","image","Chasing sunsets in Santorini. #travelgram","2024-06-02T18:45:00Z","https://www.instagram.com/p/IG_84010_QTR","15230","460","120","","0.18","85000","37","63","4","32","44","15","3","2","0","GR","Athens","true","SantoriniTours","travelgram,sunset,greekislands,explore,santorini","en"
"influencer_102","TikTok","TT_10294_BNF","video","Try this new dance challenge with your friends!","2024-06-03T21:30:00Z","https://www.tiktok.com/@influencer_102/video/TT_10294_BNF","21200","1310","290","370000","0.11","192000","29","71","17","48","27","7","1","0","0","PH","Manila","false","","dancechallenge,tiktoktrends,viral,fun,music","en"
"influencer_103","YouTube","YT_42911_VGT","video","Unboxing the newest gaming laptop of 2024! Specs & review inside.","2024-06-04T15:10:00Z","https://youtube.com/watch?v=YT_42911_VGT","8900","780","180","254000","0.022","432000","84","16","9","44","33","10","3","1","0","US","Seattle","true","TechWorld","gaming,unboxing,techreview,laptop2024,geeklife","en"
"influencer_104","Instagram","IG_14820_KPL","reel","Healthy vegan recipes for busy days!","2024-06-05T13:05:00Z","https://www.instagram.com/reel/IG_14820_KPL","7600","245","48","109000","0.12","64000","22","78","5","39","41","11","3","1","0","DE","Berlin","false","","veganfood,healthyrecipes,veganlifestyle,quickmeals,plantbased","de"
"influencer_105","Facebook","FB_40123_FGH","live","Join us for our weekly health Q&A session!","2024-06-01T17:30:00Z","https://facebook.com/live/FB_40123_FGH","570","43","15","1200","0.05","11500","48","52","0","7","13","19","31","20","10","CA","Toronto","false","","healthtalk,wellness,liveQA,community,healthyhabits","en"
"influencer_106","Other","OT_91002_VXC","other","Nonprofit update: new water wells installed in rural Kenya.","2024-06-02T11:15:00Z","","150","7","18","","0.11","1550","47","53","0","10","27","33","20","7","3","KE","Nairobi","false","","nonprofit,kenya,waterproject,communityaid,impact","sw"
"influencer_107","Instagram","IG_78541_MNI","story","","2024-06-06T09:50:00Z","https://www.instagram.com/stories/IG_78541_MNI","0","0","0","12230","0","31400","39","61","7","34","41","13","3","2","0","GB","London","false","","story,behindthescenes,london,dayinthelife","en"
"influencer_108","Twitter","TW_50987_JUY","text","Excited to speak at the tech summit in Moscow next week!","2024-06-03T07:30:00Z","https://twitter.com/influencer_108/status/TW_50987_JUY","180","23","41","","0.037","6600","77","23","1","14","36","29","12","5","3","RU","Moscow","false","","techsummit,moscow,conference,speaker","ru"
"influencer_109","Instagram","IG_69350_WXT","image","Fitness is a journey, not a destination. Stay motivated!","2024-06-07T08:20:00Z","https://www.instagram.com/p/IG_69350_WXT","9480","215","76","","0.14","67200","31","69","3","25","45","21","4","2","0","US","Chicago","true","FitLife","fitness,motivation,fitfam,healthyliving,workout","en"
"influencer_110","TikTok","TT_39210_VYN","story","","2024-06-08T12:05:00Z","https://www.tiktok.com/@influencer_110/story/TT_39210_VYN","0","0","0","9800","0","17000","45","55","6","31","25","18","10","7","3","ES","Madrid","false","","story,madrid,behindthescenes,spanishvibes","es"
"influencer_111","Facebook","FB_50192_GYU","image","Family picnic at Lake Geneva. Cherishing the moments.","2024-06-09T14:20:00Z","https://facebook.com/photo/FB_50192_GYU","670","18","9","","0.062","10900","46","54","0","6","16","19","34","19","6","CH","Geneva","false","","familytime,picnic,lakegeneva,switzerland","fr"
"influencer_112","YouTube","YT_32108_BNM","live","Streaming: Let's build a DIY drone together and answer your questions.","2024-06-10T19:00:00Z","https://youtube.com/live/YT_32108_BNM","14400","840","370","116000","0.027","552000","88","12","3","42","37","12","4","2","0","JP","Tokyo","true","DroneZone","drone,diytech,livestream,japan,techcommunity","ja"
"influencer_113","Instagram","IG_20179_RPL","video","Morning yoga flow for a peaceful start.","2024-06-11T06:30:00Z","https://www.instagram.com/p/IG_20179_RPL","7820","212","43","85000","0.14","65000","23","77","4","34","47","11","2","2","0","NO","Oslo","true","YogaFlow","yoga,morningroutine,peacefulstart,wellness,oslo","no"
"influencer_114","Facebook","FB_76430_KLO","story","","2024-06-12T20:00:00Z","https://facebook.com/story/FB_76430_KLO","0","0","0","7100","0","6700","44","56","0","2","13","28","32","18","7","PT","Lisbon","false","","story,community,healthtips,lifeinlisbon","pt"
"influencer_115","TikTok","TT_49222_KLM","reel","Hilarious dog moments that will make your day!","2024-06-13T11:15:00Z","https://www.tiktok.com/@influencer_115/reel/TT_49222_KLM","10600","870","210","155000","0.11","112000","41","59","12","42","37","7","2","0","0","US","Dallas","true","PetJoy","dogmoments,funnydogs,petjoy,viralreel,petlovers","en"
"influencer_116","Other","OT_67219_MPO","other","Volunteer drive in Warsaw next Saturday. Join us!","2024-06-14T08:00:00Z","","110","5","23","","0.11","1350","51","49","0","7","29","38","18","6","2","PL","Warsaw","false","","volunteer,community,warsaw,nonprofit,helpothers","pl"
"influencer_117","Instagram","IG_38920_MKM","image","Weekend vibes with friends! #goodtimes","2024-06-15T19:25:00Z","https://www.instagram.com/p/IG_38920_MKM","8200","199","35","","0.11","72000","43","57","5","29","46","16","3","1","0","FR","Paris","false","","weekend,goodtimes,paris,friendship,fun","fr"
"influencer_118","YouTube","YT_29318_PWL","video","Reviewing the latest smart home gadgets. Which is worth buying?","2024-06-16T16:20:00Z","https://youtube.com/watch?v=YT_29318_PWL","4300","370","102","62000","0.023","198000","78","22","4","31","43","16","5","1","0","US","San Francisco","false","","smarthome,gadgets,techreview,innovation","en"
"influencer_119","Instagram","IG_31721_VRL","reel","How to style summer outfits: 5 easy looks.","2024-06-17T15:40:00Z","https://www.instagram.com/reel/IG_31721_VRL","13400","390","96","178000","0.11","118000","33","67","6","41","41","8","3","1","0","IT","Milan","true","StyleBox","summerstyle,fashiontips,stylebox,milan,ootd","it"
"influencer_120","Twitter","TW_33917_GFW","text","Proud to support local artists in Rio!","2024-06-18T13:30:00Z","https://twitter.com/influencer_120/status/TW_33917_GFW","92","9","15","","0.08","1480","49","51","0","7","36","33","14","7","3","BR","Rio de Janeiro","false","","localart,rio,community,supportartists","pt"
"influencer_121","Instagram","IG_48750_XTR","video","Tips for eco-friendly living in the city.","2024-06-19T10:45:00Z","https://www.instagram.com/p/IG_48750_XTR","5600","174","41","68000","0.13","44000","26","74","2","33","49","12","2","2","0","NL","Amsterdam","true","EcoLife","ecoliving,citylife,sustainable,ecolife,amsterdam","nl"
"influencer_122","Facebook","FB_27459_MPT","live","Join our talk on parenting in the digital age.","2024-06-20T16:00:00Z","https://facebook.com/live/FB_27459_MPT","380","17","12","800","0.04","9700","47","53","0","3","11","24","32","19","11","US","Minneapolis","false","","parentingtips,digitalage,liveevent,parentingcommunity","en"
"influencer_123","TikTok","TT_52911_HPR","video","How to make easy breakfast smoothies at home!","2024-06-21T07:25:00Z","https://www.tiktok.com/@influencer_123/video/TT_52911_HPR","12000","1020","179","149000","0.09","140000","35","65","8","41","33","12","4","2","0","US","Miami","false","","breakfast,smoothies,healthy,homemade,foodie","en"
"influencer_124","YouTube","YT_79213_LWM","video","Latest car tech: hands-free driving demo and first impressions.","2024-06-22T13:10:00Z","https://youtube.com/watch?v=YT_79213_LWM","6400","410","92","99000","0.022","335000","85","15","3","31","44","17","4","1","0","DE","Munich","true","AutoDrive","cartech,autodrive,review,handsfree,innovation","de"
"influencer_125","Instagram","IG_39254_WLP","video","Quick HIIT workout for busy mornings.","2024-06-23T07:50:00Z","https://www.instagram.com/p/IG_39254_WLP","8900","183","27","64000","0.13","70000","29","71","2","27","53","14","2","2","0","US","Los Angeles","false","","hiit,workout,quickfit,fitness,healthy","en"
"influencer_126","Other","OT_58231_CRP","other","Fundraiser for animal rescue happening this Sunday!","2024-06-24T16:45:00Z","","162","9","34","","0.13","1420","45","55","0","6","23","32","19","13","7","AU","Sydney","false","","fundraiser,animalrescue,community,sydney,australia","en"
"influencer_127","Instagram","IG_37219_PLM","reel","Summer smoothie recipes you need to try!","2024-06-25T09:00:00Z","https://www.instagram.com/reel/IG_37219_PLM","12500","410","109","169000","0.12","105000","35","65","7","42","41","7","2","1","0","US","Phoenix","true","FreshBlend","smoothierecipes,summer,healthy,blendit,freshblend","en"
"influencer_128","YouTube","YT_54129_LPY","video","Top 10 action movies of 2024 ranked!","2024-06-26T18:30:00Z","https://youtube.com/watch?v=YT_54129_LPY","6100","420","130","116000","0.026","245000","73","27","5","38","43","12","2","0","0","US","New York","false","","actionmovies,movieranking,top10,movies2024,cinema","en"
"influencer_129","Instagram","IG_47580_XPY","image","Nature hike in the Norwegian fjords. Absolutely stunning views.","2024-06-27T08:15:00Z","https://www.instagram.com/p/IG_47580_XPY","7900","201","55","","0.12","63500","40","60","3","27","44","21","4","1","0","NO","Bergen","false","","naturehike,norway,fjords,travel,adventure","no"
"influencer_130","Facebook","FB_19480_HPR","story","","2024-06-28T10:20:00Z","https://facebook.com/story/FB_19480_HPR","0","0","0","4900","0","3400","47","53","0","1","10","26","37","17","9","US","Birmingham","false","","story,community,lifeinbirmingham","en"
"influencer_131","TikTok","TT_18472_KRP","video","Easy makeup hacks for a natural look.","2024-06-29T13:00:00Z","https://www.tiktok.com/@influencer_131/video/TT_18472_KRP","5400","431","83","59000","0.13","42000","28","72","12","41","35","8","2","0","0","PH","Quezon City","true","GlowUp","makeuphacks,naturallook,glowup,beautytips","en"
"influencer_132","YouTube","YT_39184_JTR","live","Q&A: How to start a tech channel and grow your audience.","2024-06-30T20:00:00Z","https://youtube.com/live/YT_39184_JTR","9200","510","204","58000","0.021","463000","83","17","4","38","45","10","2","1","0","US","Austin","false","","techchannel,youtube,qa,contentcreator,audiencegrowth","en"
"influencer_133","Instagram","IG_24819_GTR","image","Homemade pasta night! Who else loves Italian food?","2024-07-01T18:00:00Z","https://www.instagram.com/p/IG_24819_GTR","5600","162","18","","0.09","62500","42","58","2","24","52","18","3","1","0","IT","Rome","false","","pasta,italiandinner,homemadefood,foodie,rome","it"
"influencer_134","Facebook","FB_51892_KLT","live","Gardening tips for busy homeowners.","2024-07-02T09:30:00Z","https://facebook.com/live/FB_51892_KLT","460","21","11","1100","0.044","10100","44","56","0","4","15","25","28","19","9","US","Sacramento","false","","gardening,homeowner,tips,greenlife,sacramento","en"
"influencer_135","TikTok","TT_58214_LPI","story","","2024-07-03T08:05:00Z","https://www.tiktok.com/@influencer_135/story/TT_58214_LPI","0","0","0","7100","0","11900","46","54","2","8","22","28","27","9","4","US","St. Louis","false","","story,community,stlouis,midwest","en"
"influencer_136","YouTube","YT_41297_PGT","video","We tried every new VR headset: full comparison.","2024-07-04T14:15:00Z","https://youtube.com/watch?v=YT_41297_PGT","7800","521","163","98000","0.016","514000","86","14","2","38","45","12","2","1","0","US","San Diego","true","VRWorld","vr,headset,techreview,comparison,vrworld","en"
"influencer_137","Instagram","IG_45971_BGT","image","Summer in Barcelona: beaches, food, fun!","2024-07-05T17:40:00Z","https://www.instagram.com/p/IG_45971_BGT","11600","310","84","","0.09","78500","48","52","2","22","49","20","5","2","0","ES","Barcelona","false","","barcelona,summer,beach,food,travel","es"
"influencer_138","Facebook","FB_29171_MLT","image","Celebrating local heritage at the annual parade.","2024-07-06T13:55:00Z","https://facebook.com/photo/FB_29171_MLT","540","16","10","","0.06","9800","44","56","0","3","14","26","35","15","7","US","Des Moines","false","","heritage,parade,local,community,desmoines","en"
"influencer_139","TikTok","TT_79152_BKT","reel","Best places to visit in Cebu this summer.","2024-07-07T09:10:00Z","https://www.tiktok.com/@influencer_139/reel/TT_79152_BKT","14700","910","215","182000","0.1","154000","32","68","11","43","38","5","2","1","0","PH","Cebu City","false","","cebu,travel,destination,summer,philippines","en"
"influencer_140","YouTube","YT_58914_MPF","video","DIY home decor: make your own wall art.","2024-07-08T18:00:00Z","https://youtube.com/watch?v=YT_58914_MPF","3400","225","72","44000","0.021","125000","32","68","5","39","41","10","3","2","0","US","Denver","true","Artify","diy,homedecor,wallart,artify,creativity","en"
"influencer_141","Instagram","IG_98145_KPL","image","Fresh flowers from the Amsterdam market.","2024-07-09T13:10:00Z","https://www.instagram.com/p/IG_98145_KPL","5700","151","22","","0.09","62200","39","61","2","24","47","22","3","2","0","NL","Amsterdam","false","","flowers,amsterdam,market,fresh,netherlands","nl"
"influencer_142","Facebook","FB_84729_LTR","live","Cooking demo: summer salads for healthy living.","2024-07-10T16:00:00Z","https://facebook.com/live/FB_84729_LTR","340","11","8","700","0.041","9600","46","54","0","2","14","28","35","13","8","US","Raleigh","false","","cookingdemo,summersalad,healthy,eating,raleigh","en"
"influencer_143","TikTok","TT_93281_LPO","video","Try this viral makeup transformation challenge!","2024-07-11T18:15:00Z","https://www.tiktok.com/@influencer_143/video/TT_93281_LPO","13200","910","221","164000","0.1","146000","33","67","9","44","40","5","1","1","0","PH","Davao City","true","GlamStar","makeupchallenge,transformation,viral,glamstar","en"
"influencer_144","Other","OT_78219_MPL","other","Local arts festival in Cape Town. Come support creatives!","2024-07-12T14:30:00Z","","126","7","21","","0.13","1200","53","47","0","4","22","34","25","10","5","ZA","Cape Town","false","","artsfestival,capetown,creativity,localart,southafrica","en"
"influencer_145","Instagram","IG_59241_GTR","image","Brunch at the best spot in Lisbon!","2024-07-13T11:45:00Z","https://www.instagram.com/p/IG_59241_GTR","7200","182","37","","0.09","68700","38","62","2","21","51","22","3","1","0","PT","Lisbon","false","","brunch,lisbon,foodie,portugal,weekend","pt"
"influencer_146","YouTube","YT_29104_VTR","video","How I built my own smart garden at home.","2024-07-14T08:00:00Z","https://youtube.com/watch?v=YT_29104_VTR","2900","201","61","34000","0.021","112000","29","71","6","31","41","15","5","2","0","US","Portland","true","GreenThumb","smartgarden,diygarden,greenthumb,homeimprovement,portland","en"
"influencer_147","Instagram","IG_81235_LPL","reel","Easy vegan desserts for all ages.","2024-07-15T15:10:00Z","https://www.instagram.com/reel/IG_81235_LPL","12200","320","74","154000","0.1","118000","34","66","6","41","41","8","3","1","0","US","Houston","false","","vegandessert,easyrecipes,vegan,houston,plantbased","en"
"influencer_148","Facebook","FB_59182_KLT","image","Local farmers market: fresh produce and crafts.","2024-07-16T10:45:00Z","https://facebook.com/photo/FB_59182_KLT","480","14","9","","0.051","9400","45","55","0","2","14","28","34","14","8","US","Omaha","false","","farmersmarket,produce,localfoods,crafts,omaha","en"
"influencer_149","TikTok","TT_21497_LPT","story","","2024-07-17T08:00:00Z","https://www.tiktok.com/@influencer_149/story/TT_21497_LPT","0","0","0","6200","0","8300","46","54","1","7","19","28","29","10","6","US","Salt Lake City","false","","story,utah,saltlakecity,community","en"
"influencer_150","YouTube","YT_57128_BLT","live","Ask me anything: game dev careers and tips.","2024-07-18T20:00:00Z","https://youtube.com/live/YT_57128_BLT","8900","572","198","62000","0.019","476000","81","19","6","40","46","6","1","1","0","RU","Saint Petersburg","true","DevTech","gamedev,career,ama,devtech,russia","ru"
"influencer_101","Instagram","IG_10001_MKC","image","Exploring the beauty of Rome! #travel #architecture","2024-06-15T09:32:00Z","https://instagram.com/p/IG_10001_MKC","2300","210","34","","0.027","85000","47","53","2","22","54","15","4","2","1","IT","Rome","false","","travel,architecture,rome,italy,explore","it"
"influencer_102","TikTok","TT_10002_YZX","reel","Dance challenge for the summer! Who's joining?","2024-06-14T16:21:00Z","https://tiktok.com/@influencer_102/video/TT_10002_YZX","15000","1267","410","238000","0.032","470000","38","62","12","47","31","6","2","1","1","PH","Quezon City","true","Sprite","dancechallenge,sprite,summerszn,tiktokreels","en"
"influencer_103","YouTube","YT_10003_QWE","video","Unboxing the latest gaming console. Full review inside!","2024-06-13T19:05:00Z","https://youtube.com/watch?v=YT_10003_QWE","8600","430","139","224000","0.004","2100000","81","19","6","33","41","12","5","2","1","US","Los Angeles","false","","gaming,unboxing,review,tech,gadgets","en"
"influencer_104","Facebook","FB_10004_LMN","live","Join me for a live Q&A session on healthy living.","2024-06-12T10:45:00Z","https://facebook.com/influencer_104/posts/FB_10004_LMN","470","54","23","7400","0.079","7000","36","64","0","7","13","28","31","14","7","GB","Leeds","false","","livehealth,healthyhabits,wellness,qna","en"
"influencer_105","Twitter","TW_10005_VBN","text","Excited about the upcoming climate summit in Berlin.","2024-06-16T08:14:00Z","https://twitter.com/influencer_105/status/TW_10005_VBN","165","9","15","","0.014","1300","50","50","0","2","25","36","22","10","5","DE","Berlin","false","","climate,berlin,summit,conference,activism","de"
"influencer_106","Other","OT_10006_HJK","other","Non-profit update: Our latest water project has launched in Peru!","2024-06-11T17:23:00Z","","98","5","9","","0.037","300","51","49","1","4","33","29","17","10","6","PE","Lima","false","","waterproject,nonprofit,peru,community","es"
"influencer_107","Instagram","IG_10007_WER","video","Morning fitness routine for busy professionals.","2024-06-10T07:07:00Z","https://instagram.com/p/IG_10007_WER","1200","125","21","42000","0.016","80000","44","56","1","20","58","16","3","1","1","US","Chicago","true","Nike","fitness,workout,routine,nike,healthyliving","en"
"influencer_108","TikTok","TT_10008_UIO","story","","2024-06-09T15:42:00Z","","0","0","0","700","0","16000","41","59","7","36","44","8","3","1","1","CA","Toronto","false","","morningroutine,story,canada,wellness","en"
"influencer_109","Facebook","FB_10009_PLO","image","Family picnic at the park. Cherishing every moment.","2024-06-08T12:00:00Z","https://facebook.com/influencer_109/posts/FB_10009_PLO","326","18","11","","0.021","17500","42","58","0","6","24","31","27","9","3","AU","Sydney","false","","family,picnic,park,sydneylife","en"
"influencer_110","YouTube","YT_10010_XCV","video","How to cook vegan meals: Easy recipes for beginners.","2024-06-07T13:33:00Z","https://youtube.com/watch?v=YT_10010_XCV","4300","217","67","62000","0.01","460000","29","71","3","28","43","14","7","3","2","FR","Paris","true","WholeFoods","vegan,cooking,recipes,wholefoods,beginnerfriendly","fr"